Order Number,Weight (lbs),Volume (in3),Pallets
49260022,3396,1124,20
39221293,17344,1512,3
74452676,35698,1249,31
20474272,36130,3092,36
47515077,13430,1703,5
57747166,10992,1779,24
55384792,7377,2114,40
74716725,7730,1904,44
70967759,31722,2564,53
65524052,26174,490,43
95810019,13552,1043,17
76687851,6048,2174,56
50710720,9526,3073,19
89981853,19701,1961,30
49945420,7599,3276,4
29313815,30556,2988,39
52727832,35541,2849,24
51780313,14299,2414,25
91311527,9043,630,13
96903436,9441,309,36
52681905,12004,2806,52
34950083,17722,2902,53
13123303,12674,2853,17
84283142,331,1262,44
50753186,37291,3216,24
51539358,23248,1835,17
70825346,34258,483,19
47154679,31435,3318,18
67209683,12577,2340,41
77280432,43791,1772,23
59468496,21479,1255,34
88016312,9593,3575,57
39032750,13279,2153,12
23476204,25845,2561,11
98480488,27469,2353,23
30187545,832,2287,44
11636537,34197,3241,36
53645498,28922,438,39
36668072,36014,882,2
34812157,23511,2874,53
37797077,42873,2070,39
39636664,26144,2160,3
34575052,39354,2819,38
86366053,7950,2623,60
93772651,25049,2915,45
10692442,25448,2661,2
96670425,20530,3,21
65855778,27700,599,7
91838847,39203,2646,52
93031149,14062,943,24
81463842,15487,2652,58
16974442,30974,868,14
62293926,6035,686,17
52176369,6356,2801,5
67138085,9366,1417,50
49405788,36085,649,24
83730840,25778,1351,47
86924356,12050,2483,58
24410529,12358,2377,28
34324066,27727,2326,29
10215323,32555,3343,47
84976327,42664,173,21
76388228,36301,2266,3
97322220,23936,167,13
39213813,6485,7,53
86251631,30725,3173,40
93719562,17074,1636,4
40265462,25251,2794,31
67961642,33360,2235,12
24793225,32640,2075,20
75181406,28188,2511,44
77227663,33544,822,57
71047285,1597,3089,13
75928079,27874,1662,30
39884228,31070,859,39
26794412,8603,3314,17
50275695,42387,2562,57
49253517,13213,269,8
69462091,26924,1415,1
36907837,16132,1385,32
23122611,39694,1538,14
65240645,34292,2430,56
78280748,17510,2327,27
43053426,42766,2922,24
10908984,23752,480,2
27000940,18369,3085,15
77769222,768,470,8
30789953,41063,2348,15
92409519,40257,645,51
20692133,7308,2854,54
32002873,14601,895,15
88801375,5415,3090,30
10972393,34371,2206,13
40001120,28773,2871,13
87138536,1331,3361,1
67105709,18628,426,34
33935970,18429,539,15
39467010,16943,569,57
40130524,42325,2915,17
97818311,4117,563,16
26313879,37882,3096,54
21225547,24413,1800,48
15266920,24504,2407,26
56640153,19694,2736,36
52179321,25953,300,22
38268894,37659,1917,46
36088393,37617,542,24
77845163,35936,763,19
32939859,2320,2101,32
44364778,773,2372,31
94675789,8191,1088,51
38134910,13798,2196,48
46892234,18090,2916,21
14103432,10529,481,39
48570868,13526,2564,13
76809345,9299,3368,31
96143717,40637,3502,49
42486634,30911,1589,60
22557108,7536,3346,38
73103871,28129,1080,45
78230805,28492,992,27
11188092,44504,2612,21
28296147,11525,966,35
15548562,6344,2160,51
14931374,9492,1331,42
89290698,8848,2009,11
11751215,5327,510,20
10128675,1900,351,2
69465881,23622,3230,17
21191645,22416,1483,42
39336573,12105,1583,9
20103541,19972,2879,25
41174233,6888,3369,11
92094491,16810,911,22
66154004,16981,3437,54
27780100,30997,3580,9
18568403,5034,2629,8
34659022,40119,1603,16
43257351,29080,3466,25
22757483,25084,3556,13
93636431,2209,2457,23
56150253,18511,3519,10
34208163,44009,1927,23
95238969,44119,2785,40
22756363,29491,2648,10
69099431,35677,3216,60
60779463,14565,2636,23
67493789,4927,39,19
94320491,12109,236,9
43168086,2223,1590,47
27529130,18393,2150,27
56316158,36592,3409,53
84517079,38961,1519,35
88144420,10714,2720,5
90177749,41914,1551,26
91861306,11255,1462,11
71559989,40830,3464,3
48185349,15939,2509,39
88521624,2231,1711,21
76281936,25063,343,4
64416365,31834,1654,51
34996668,39958,2154,16
30731851,41141,2115,15
14273841,16073,2050,45
62139198,34615,407,21
33038327,7305,2723,49
94304996,34493,3429,7
32011363,9729,3365,27
52856546,35563,1169,3
80945602,16344,1422,59
47817088,31552,338,29
23280544,5255,1334,42
76654221,25129,2419,60
86057498,5911,3161,56
14359501,34152,1088,52
80902079,32503,2259,59
22862924,31263,244,2
16210187,41402,279,12
10401704,24146,2564,10
76570963,25068,1253,3
77175348,3190,2419,8
46896868,12305,1493,49
49220459,25435,1305,10
20998158,9489,1826,40
20851216,9307,3471,20
63739048,26590,1626,44
29940281,34239,3129,1
38440245,17040,1174,35
34567282,14272,1667,18
91839478,15258,425,20
42772042,2181,846,14
36698476,21333,971,44
84123541,1198,2795,48
37615957,14500,1963,3
83214244,28659,1569,8
56216307,1078,247,54
62798267,41453,360,18
41108994,36962,1432,15
63542389,17747,1625,22
85327957,40445,912,38
86143346,23377,2090,4
10161205,40991,196,1
34203989,497,2337,60
97808538,30229,2098,32
70732885,31115,865,53
36383131,43021,3050,23
65463627,7047,1886,55
33691750,35742,1551,8
73802003,632,2886,11
87623514,31887,3314,40
30644119,27960,2917,25
77271551,30657,70,47
15692544,4524,3007,24
65543367,17761,116,29
39068533,5674,2628,5
76601527,19815,142,5
90775468,33800,3004,46
14266256,18306,2909,3
21077641,2539,1301,54
32245886,9519,423,31
14921337,732,2382,39
58209712,28375,1406,45
25785994,22910,2681,15
32297828,39327,2750,24
91339868,41703,2365,27
64935424,35979,341,21
40383123,34144,1078,1
67813102,14662,2813,58
63573429,19677,233,28
99633040,29412,2863,33
19167878,6460,2950,59
40919594,22242,2706,28
66350159,30514,845,22
61397338,6450,99,43
41483316,33105,757,49
35798348,7712,3172,29
72799015,4780,956,21
51276023,8606,3077,32
23283754,6675,687,1
80574307,20190,515,8
31072288,6534,997,13
39685270,29037,3496,5
84808647,7448,3191,41
41718348,33179,2887,52
62562699,6709,1431,6
62541834,13771,2087,8
81093969,5495,764,49
34949846,25179,3396,52
84183931,40886,2251,60
95756310,37977,2699,42
93707915,3919,1084,60
75714036,43643,2967,46
59375530,19242,3165,51
39615751,36144,1458,3
17448716,15201,415,10
90992926,13433,1065,49
66143994,19716,1929,14
90581806,441,98,27
38749423,1856,1690,47
47175530,42364,121,39
34665867,23034,668,5
69363007,43564,3262,4
13322099,12353,1415,34
37767586,23893,2001,10
28649794,8232,2832,33
57857792,18220,3393,17
49713778,12273,3252,45
92396093,35807,3023,30
96927142,28693,1053,5
40036197,2304,2696,56
77413137,4499,2429,44
72890241,35224,730,31
54041223,1851,3458,56
91546025,3322,1024,8
77307447,12872,774,26
31135353,44215,3283,43
51737079,5276,113,48
47324926,38031,1132,26
12152941,9320,41,4
66960161,4040,2845,39
43101379,20256,2337,42
60758535,15746,3351,2
23618693,42541,1457,57
12553642,32215,3202,25
52111325,41364,2755,47
91623196,5154,2610,50
54662349,276,1844,40
73345656,30210,1278,24
41634935,27503,183,42
47519593,22723,3508,54
79343266,5425,1353,5
82268725,5572,282,49
59740099,44564,2594,2
19210088,17998,1646,53
12013774,34970,3228,26
89767009,44543,393,10
17501053,1004,574,21
12369202,29870,2344,15
35826759,22134,323,55
27159700,8738,2244,54
61616870,15422,1134,45
65516684,14745,830,45
29936231,22359,2283,41
51800701,18011,692,41
67242213,23418,3530,29
14295946,28504,1473,29
76585965,12300,998,30
23708690,10972,1843,15
22072012,44938,158,40
47587675,18835,1061,13
94547519,34692,3444,45
51782551,3553,342,48
53175708,14626,1438,51
74877554,43589,3442,34
20098492,42455,382,51
45902442,22103,2913,60
29507876,23940,1084,41
50661785,8042,749,41
19612629,13431,2418,8
91258035,12231,3252,58
52076100,32931,666,32
10578108,38153,707,2
70087942,14637,2856,1
72306840,28867,465,33
35266746,19522,1964,47
43054455,32094,520,28
20414905,16897,1677,42
46325635,13122,303,13
66203743,30775,3408,60
35900270,36833,2022,10
12804854,8420,1049,32
70700254,646,2527,17
22496505,29209,1205,16
79994496,34604,1997,52
73253878,11562,160,25
94686254,2249,1337,34
62306259,21593,1669,29
98144045,5002,247,7
95521106,11348,2738,48
53645363,22661,2409,1
85056264,37337,2015,14
61056653,35866,3266,32
46846666,21341,206,5
83215796,36644,382,5
66331870,41188,1008,6
54139706,32113,2229,39
11298766,11564,1326,31
35747480,12238,2786,49
85036785,20717,2528,17
69524513,9989,1002,36
59032642,1662,292,53
37427175,1629,961,43
16620260,10478,3237,4
24176585,6707,1864,50
63609970,29015,1920,59
77300555,8639,749,15
21921595,8871,3301,30
20246938,22359,3426,16
71564146,33491,2934,39
71670658,6389,2739,11
59804037,22507,2664,47
43050789,14478,2368,10
16357299,5864,2501,50
63681003,31222,819,10
74943492,16282,11,31
13851276,42298,865,14
86919225,44240,268,43
44401159,43877,1278,12
17986347,25690,2985,56
54257322,21041,493,51
27499279,920,888,36
39141964,34512,2435,57
11844521,18098,1193,40
49703486,23634,717,36
73255162,35984,1305,55
38606611,3532,1755,52
20859914,25609,98,25
43351391,16747,1157,56
65187892,15150,802,55
69911982,40297,2936,35
71302633,37758,1568,52
47121069,20200,290,38
72919874,2466,2106,48
14946098,23487,2190,22
62033824,11929,1736,2
40108355,5896,1012,7
83837851,31738,805,16
84760221,13324,724,48
61602407,15831,156,40
89017878,2271,936,48
73696510,31848,971,11
16150712,20216,1034,22
71235685,1837,1652,53
37165956,44453,2247,51
77252678,5066,1485,40
56034933,13215,1447,6
30509406,43662,410,34
83649835,21070,964,43
61991820,2093,2159,54
15354430,20227,1192,17
44471206,33753,822,59
60538052,37204,1631,54
48207232,36857,1767,7
49470952,10069,2013,23
82109143,17120,2480,13
94562677,42153,2498,55
48450768,15778,2197,19
37612189,12706,1023,31
81114030,29793,1448,38
96582455,9105,480,56
54427441,38185,2941,45
95230942,21510,80,12
49456516,5205,3259,40
37075497,41772,1758,32
55448781,33723,826,49
20746951,6421,655,11
66205659,36983,1643,52
93348676,4193,742,38
49141838,35029,3467,28
69585173,33573,3396,56
99563986,25060,3477,54
29541405,28963,1855,6
28828239,37322,550,20
45348507,18611,1783,39
84383987,23606,2184,3
63524567,42985,2658,53
62198842,1764,3100,8
11271242,10112,504,23
92320584,416,296,24
68850374,25330,2190,6
51435623,15683,1314,31
77784431,23087,1837,43
75945897,15577,910,50
13030217,1640,3125,59
36140382,8519,742,1
52100320,18672,526,12
35577530,24143,1371,49
33829889,25173,680,24
48655091,42190,2934,30
48588570,17500,1826,42
21430242,17097,1384,15
83698910,1584,190,1
18083605,19494,1356,6
17222167,11164,2655,32
78172390,17947,2997,56
48616020,21205,681,60
30065129,42051,1525,39
46586113,23001,3225,33
91331372,12580,2353,50
53919679,42034,2290,23
54840663,28989,2287,20
77646512,43362,3065,54
87841163,35997,2589,5
62545178,21301,2284,49
66093402,18705,2991,32
13776054,38880,1642,54
61722919,19262,466,51
46522492,39183,2197,40
55248403,4011,3440,50
81234105,33210,627,5
20609761,43544,944,32
63137065,5976,365,15
43945703,18259,1455,35
57015305,13243,2082,34
62019433,15848,1859,58
91446054,22034,749,6
62314132,5864,3499,60
81078217,17317,1539,7
88803436,40982,1233,10
20990126,43837,2365,28
51361870,30082,1149,27
24451272,24798,3305,38
39940641,11989,3358,12
97204667,18217,1221,22
13149842,28085,2070,44
27109028,18471,2310,17
70990720,15394,2633,51
77429439,4110,2653,12
26374361,42703,1640,11
12322047,34504,3193,8
90061770,38914,3212,20
58953972,18785,541,46
37341161,21130,592,32
86530843,26968,690,2
83308874,10988,559,53
58933070,35379,1260,52
29920820,33329,581,45
60519738,16979,1406,20
38783813,3924,3094,45
75164852,38212,2973,1
20484838,6999,3321,24
19590787,27982,1986,33
24670030,44032,664,36
72023119,31150,1038,19
17066241,37580,2898,12
57959521,19130,3416,44
12756182,10978,2105,2
48556262,11245,2779,43
29692965,35573,2708,52
90736841,20499,1427,17
69602959,21212,916,3
78183684,24243,1401,26
77794733,3441,1197,16
44738269,21985,2512,5
44541541,38367,217,47
29950568,15268,1326,51
88262407,31050,1434,56
86003878,42215,2207,31
38588455,35381,2059,35
28337206,30556,3148,50
84563823,851,1981,46
52125146,40882,2355,42
95095196,30938,1169,47
59280974,33187,91,41
95005847,28920,3199,25
67919620,5839,1532,3
42481338,40717,1438,7
55715140,23667,412,57
75818561,29032,3457,26
49681971,43872,986,48
94096448,4243,3297,33
13783883,8246,3090,24
38873457,1838,1866,44
24785456,24642,2223,10
58790187,44382,2584,21
57865160,22741,1421,8
14166283,684,1057,21
70943586,42665,2417,17
47440588,19812,3429,40
23361285,16728,3091,55
34048966,41272,2347,19
83304547,14524,605,11
30192166,26,3324,20
29526838,15335,303,40
69323410,3965,520,25
72996848,3259,2621,29
17426787,22049,1259,46
14944284,8605,1983,6
45510452,44957,1466,2
37235742,38957,1697,24
55016736,37212,2138,41
26129811,27471,3264,58
42818340,26807,1820,57
69902960,25707,2348,39
41063943,24123,3228,11
99564321,28818,2197,4
25903524,43160,3345,51
29816372,10276,500,28
29118836,27520,3427,12
34289980,1898,3086,39
28579803,34106,523,59
43557089,9860,3305,18
34677978,20493,268,60
63278265,34692,2265,12
86649297,33375,110,45
75425362,20,1734,34
11537880,39497,66,33
90078618,24495,1114,12
94754026,39486,2871,38
37317185,805,1885,52
93217972,12896,1895,56
66922515,26425,3477,26
75778004,17820,2192,26
58999995,19725,734,40
97797376,44390,2282,52
27153741,30245,1007,47
58609260,26365,597,21
79035955,1543,2054,55
44641469,38898,2578,35
50541816,36620,2905,57
75283343,29259,485,56
76706553,33018,1246,11
89741899,16037,915,21
38251378,17225,1596,10
97157565,6559,3551,46
79553793,7160,1350,42
76897836,25621,75,52
40581528,18547,2205,45
93660680,19902,3337,17
53187130,20991,3430,27
51310782,14086,2919,15
60337430,15875,827,10
48918393,22243,2695,17
16898839,39812,640,17
24195859,25913,1830,59
62903219,32941,29,53
68692661,17054,1428,45
23952496,18851,375,45
20580121,4735,3399,59
56686446,42786,2395,45
28811627,21804,1211,46
85845422,36513,2578,25
99544620,1828,3443,18
38154944,44662,3491,21
86493576,20675,282,30
98613945,21191,917,12
91662974,4496,1733,17
71436902,32931,2551,2
61973185,36664,188,16
15465458,31556,1086,17
78610339,43762,1191,29
93091162,42400,2295,1
78313745,29756,2601,59
29041249,30531,779,18
65871844,41884,902,22
13864301,43506,1017,54
52427195,3980,2150,33
58466611,21695,596,10
27050737,7345,2362,60
59479871,23637,1421,49
16830543,9968,2691,46
45687925,26020,3388,54
37015404,151,3312,16
98669115,7223,3216,4
84315900,11417,2555,25
42274733,1643,512,54
73954119,41110,2205,28
58607253,38319,174,21
82818241,22946,837,5
63834357,12065,87,32
98782253,30482,455,5
21669474,23081,3373,51
29652967,36050,392,54
37218634,8350,2003,23
62555248,12889,3579,2
90367636,8586,59,20
72248076,44705,2025,6
55633884,5981,1517,14
71677440,19947,1658,21
62413914,36187,2993,45
12760588,43574,137,9
82607908,24247,3536,11
45179855,22775,2298,39
68146662,4636,1602,43
10550362,6032,1842,39
49952036,41013,2076,50
19433916,40493,615,10
43496464,25274,1091,27
73931263,24689,893,48
33374692,29204,2128,21
32587528,38725,591,2
75143619,2471,744,41
38320318,18538,2613,25
97114996,41215,2325,13
20477154,32453,3131,20
54474688,16673,405,42
42875490,16756,929,3
43846660,27615,3304,9
41425552,32715,3116,13
45770593,3304,2694,16
76267694,10794,2180,44
17751938,25286,1828,9
14939470,29526,1735,29
33760529,946,1491,41
56411139,2835,416,22
91212115,12591,211,21
75631966,43362,819,18
89611860,9601,2194,3
43411387,12202,2262,15
30851959,1944,3536,41
36618292,43751,3148,22
27656370,37841,764,56
18820942,9939,315,42
25514451,43209,3269,15
62387286,39979,664,44
23852277,6251,295,7
41055147,10548,1772,54
31493597,39390,1293,6
87656890,23294,2632,19
13106242,26697,2466,22
30431751,36245,2411,14
75277615,17744,2242,27
84314707,10932,1930,19
29244611,36342,2109,26
67965148,14410,3164,33
45312050,19648,172,40
54130083,6877,3508,44
47431844,6139,1580,33
41322726,36587,2621,23
91692992,17529,420,9
95410093,26297,1213,34
22251570,23144,2111,27
79085674,21247,294,45
19735755,36865,383,51
64391501,36110,2030,31
42596433,36624,314,30
54174070,14585,3242,6
24125098,36315,515,45
81012960,42550,762,10
54244992,14817,1464,35
52558262,5675,421,26
50517242,22745,3103,15
45380380,41333,2585,33
23269667,17076,1424,52
27200684,15672,2484,7
39964202,33046,1491,52
31333566,40282,2715,16
53263634,5342,2645,25
59924243,20946,1828,60
71510997,21734,1814,54
98801554,39689,2579,59
99726405,16964,2409,46
65975157,20894,109,34
54514954,118,3423,13
57706784,41597,1634,35
47698539,41853,2873,30
25179915,33136,2479,45
27806267,12913,1257,51
82207584,21630,316,37
59762605,25738,2093,50
89955880,44796,2458,10
65234726,2110,912,51
76253581,11705,172,3
84709298,3788,1237,47
49142489,12822,2589,21
85006549,31717,3249,20
97323550,10111,2933,46
56630931,11898,1052,13
83063859,16705,2457,53
33077948,16827,1288,56
85169162,45000,479,56
75525247,12859,2736,26
57526743,2242,691,33
11241085,22972,2917,2
78580069,5959,2374,12
53128658,14091,1998,29
99427282,24623,2177,37
69141737,12014,3011,50
96913251,8561,1504,5
83741260,28380,3455,30
51416362,23253,419,16
24863181,43783,673,24
89039709,28764,1127,57
46805241,44882,1507,26
10839620,7427,218,32
53992936,24187,135,55
20397040,32669,1876,45
50457280,3876,2544,21
87717539,39676,1166,60
91989030,36174,610,5
82838966,24808,2115,27
21409422,8402,708,27
22215064,61,1602,9
37913967,43101,3166,17
87256794,9276,2842,33
95011251,3790,3106,52
20339216,22859,2023,15
63765324,26975,3578,18
13520927,10339,1098,35
75248061,37519,2615,58
71421167,5949,128,23
91973989,7806,3394,25
17721471,31930,2769,49
12750287,42188,3083,36
68823455,27359,1710,19
99438213,12904,510,3
51051749,4011,2943,2
75434644,37612,2026,28
85894443,13068,788,22
35112225,19868,1567,50
32078493,42581,1523,8
23155003,29783,1915,43
76278583,39780,2897,60
14767712,23311,2392,56
27504018,14543,1846,1
53065031,40202,197,45
28892685,37221,2107,11
28736850,36506,3358,17
14684836,33656,256,27
40620372,2329,2065,36
31604179,15332,3017,35
90760194,24230,2844,12
44321795,26112,1713,38
16883838,16632,2169,36
64220800,3484,296,25
54993772,32123,1592,11
21688473,23840,2790,36
30289365,23269,2921,54
78039945,5716,2669,55
70511805,11151,2732,3
42712183,27676,362,9
90485400,35914,101,54
58916207,5229,1839,56
21181560,40167,1458,54
56027158,19537,1551,31
78712131,24443,2244,15
68084511,22069,1225,30
96067109,8641,969,21
63963264,15009,1643,57
24000813,14488,30,29
16066281,14723,977,52
78695840,13335,2767,12
44733246,12703,822,33
83913038,11658,2839,44
73414564,13497,525,55
71490369,36317,2786,49
25826738,17874,1717,27
52359438,25356,949,59
60443419,21231,1671,51
19240827,3067,751,51
36081704,16406,1466,20
52136793,9821,2659,56
39191580,1027,1862,30
35559745,1171,2039,32
22797004,24510,2342,47
46080646,24980,372,4
18534468,6157,3086,39
25341417,39648,2646,5
14358296,4320,2446,32
43909774,7833,1729,36
64849252,23262,1161,7
11494271,12285,3295,55
41792490,3565,2157,15
75500625,12775,1428,37
35484980,13547,1028,14
58989081,37136,1839,23
36881558,39400,345,18
35584421,42102,180,28
64457354,42473,2455,46
64723536,6253,990,59
94834419,927,808,32
30638449,37698,1733,50
58685307,27247,1736,25
71048862,25330,1290,59
78899461,15256,22,16
71908445,6983,311,29
68415216,1440,1109,32
14988224,32034,788,41
19803572,37075,1255,37
79332776,19040,1241,32
49390015,11473,1492,17
13098927,14334,122,48
82331460,28707,172,10
94246679,28838,2740,29
90493738,22366,369,45
64540565,18349,2546,52
19205677,7550,2608,57
13148828,13389,71,35
47690968,29120,180,17
42847000,44005,2580,49
78224895,44622,438,20
12722600,34723,368,27
90431893,19708,1542,49
95756368,4347,734,24
65942737,11509,247,58
71947908,41482,3340,24
20651497,4872,205,23
40919169,1587,155,23
39188073,37866,745,42
76420918,10109,2678,22
77947022,33761,2121,48
85550476,1758,1738,49
40819602,27027,1351,25
67230161,44808,989,9
92500991,26024,2310,26
52047276,16996,2757,35
18636255,41141,2692,37
52711238,41725,1195,43
41071653,25212,2655,18
45029588,6711,627,29
30012481,25719,3578,25
81199980,9864,563,20
21862972,20873,192,33
93992813,28560,180,35
46985769,9349,747,15
79423297,7651,1151,8
70516777,39408,247,9
73310638,20284,1641,49
67640827,8058,825,41
68729508,16199,2960,8
38841005,30465,2330,32
31979170,25536,1790,32
86526442,28277,20,16
96970291,39061,1079,30
55799438,37196,682,26
44633879,11708,957,26
18496477,27652,2443,35
60810884,8768,995,59
71766932,33856,3467,43
52043801,21798,832,1
98553270,27281,763,47
71436891,31258,2110,26
34850345,26212,579,21
45336726,38327,418,58
74919310,43829,1463,45
88979490,15432,1190,46
37968269,17224,1700,58
15428267,29088,3055,6
54698475,27375,3083,1
60750377,311,129,5
15161992,13162,3204,8
32380944,37007,2845,44
61094241,41889,2065,11
23086988,32061,2798,32
27842090,1438,2480,37
78260631,30984,453,50
14319458,7026,1875,36
88392680,15469,1089,54
57296198,25450,2576,19
19816991,34392,829,38
22831993,26266,2732,46
76171921,25642,3549,29
40858390,36180,1997,43
11930983,25980,2598,9
41375812,33097,329,43
59255257,39421,3284,40
53063106,21476,667,44
67267550,25642,2611,58
69760062,18880,2382,19
33016594,4090,505,7
29456696,17176,1083,17
91640318,29269,1234,41
11780153,40923,2902,23
88540872,24586,1525,35
58922633,38417,46,47
97573516,21523,2759,24
44338691,22668,1568,39
65672840,28134,1542,57
34237508,21307,1126,41
75144592,20984,2758,51
25426875,13310,2867,53
85528306,40900,13,57
35316149,7626,2504,3
75066661,1168,1583,40
51281873,2466,2967,54
77636616,648,162,28
38388522,9104,2616,51
49144718,6193,1560,13
77385570,12829,507,23
83131601,8138,1927,50
23772945,22637,3340,54
94022109,30372,2367,14
43471969,30158,3418,49
50787795,27883,2415,43
70412794,5522,1766,24
13390746,9997,214,46
51834345,11305,429,23
16178577,3875,3579,9
12915555,44001,2979,18
39838546,40365,1455,10
26145551,40287,693,58
32990202,31586,1423,58
27057758,28151,657,43
29814446,32660,2654,56
30851276,13929,836,27
91742888,44889,2716,33
49564993,4720,2214,29
48518498,2432,1757,33
88978663,39307,395,44
29773083,13362,1098,51
89074028,1981,546,26
27643686,44021,2737,32
44285203,42454,2921,32
24445596,35464,1268,11
39486255,8491,1298,32
78721304,21172,1223,37
65534519,4839,1884,1
47582084,36326,2459,5
29423947,19401,1524,34
44629270,4019,1996,4
24461529,23528,511,28
23385098,21385,817,31
24228076,5276,221,38
25926829,5450,2255,2
57489964,7114,179,34
82504010,9366,1374,52
27075896,25806,623,29
71732260,27997,3246,4
12777210,13555,3255,50
59727089,17435,3575,17
69277773,19756,1981,58
85272233,37843,3454,1
88102519,40940,74,25
13010337,29929,2962,45
27634063,14186,930,15
85954345,8157,3154,4
56228103,34416,1867,49
18659839,44195,2626,45
99633999,298,1534,18
21894483,5869,2453,13
15083962,4430,1881,14
73157948,38645,1115,12
63675220,39291,2059,3
65311728,33499,548,9
75174063,36783,3321,59
60445879,40024,3595,53
67615346,31786,293,28
51681563,4562,93,30
75125776,17735,1364,2
11511473,40471,2372,25
23612212,38967,2234,40
41588909,24779,2959,36
93639014,44660,1810,39
81257491,16370,607,25
36657422,17536,1894,17
69571701,5726,1271,11
37936972,27190,2926,27
30586208,31019,1425,55
15366273,26780,993,26
34734417,33207,1537,15
49965209,1322,2530,3
19972042,43970,533,36
95722855,39030,1573,20
26548691,22391,3247,52
15542397,18956,2236,14
29217234,11020,1583,53
11803512,29861,1632,55
71186811,9242,1164,12
84309602,37237,2732,24
53149885,43719,313,6
84734109,279,1127,15
78745302,40825,3532,28
79061404,22557,3563,37
18140601,7063,2032,29
29244236,33625,3307,23
12860510,18845,2081,8
11482772,42529,3214,48
43613974,24155,2976,59
84819372,41814,2822,17
29080557,15504,2645,41
70376302,29494,2200,28
17720417,21983,2580,52
22676285,5076,1996,45
83568270,10462,1833,8
95305511,19689,2490,38
60164227,209,81,50
68643746,2425,990,56
83871399,28049,1342,14
42606480,933,2389,27
96802765,2587,3029,1
31780245,25107,2451,13
67408977,39934,1635,39
61495235,5341,1819,23
70010734,13292,2274,55
22604972,38947,2375,4
12792202,7534,751,59
13508266,33165,3580,11
99074459,26592,851,39
58540944,13431,270,20
56829063,17956,1194,39
56436277,9091,945,57
39170868,41335,1769,23
28251760,865,2292,31
45438645,15887,841,31
33307520,26215,2832,23
97901800,2256,518,37
57379571,29199,3583,44
73708450,14282,3271,35
21131847,6761,2075,3
15171238,23873,3052,14
21309477,6602,2030,4
37083521,17086,304,51
63636272,25545,2197,48
14322704,18680,3565,21
29008663,11810,967,15
31379619,13158,2285,10
73388005,40032,1143,31
47989918,13519,482,58
61750438,17954,3391,22
44909006,10472,2405,7
58342062,4464,3406,9
11639253,21121,2890,58
94998597,37871,1269,1
98628514,4919,743,7
50392178,33068,2212,27
73321182,10750,2474,31
10693107,13218,2083,32
88893330,10961,1314,46
24013167,36395,3020,19
74824381,3473,1189,24
69021666,4453,1506,12
49892843,6064,3148,14
45018634,41204,458,57
26393242,1803,344,19
59441402,2038,2088,51
38644521,17378,2663,38
16541155,836,2528,55
90166569,40905,236,10
67941399,39262,1131,2
64360898,5972,1048,33
69957440,2095,3085,54
69678599,20430,727,18
22266239,22503,2456,11
32753851,36461,729,58
86221283,9483,1182,52
91296894,38193,2884,18
70282390,33559,1087,28
21223146,37011,1255,1
58980640,15009,1227,17
28721725,2161,2189,29
42382629,38461,1471,13
20389496,4466,2912,1
45992180,8190,2161,52
99958799,17706,615,33
69851362,13044,3328,57
85265879,24489,1441,46
26688180,37060,1637,33
67622908,33576,3050,11
13074565,34992,1322,58
94457721,4473,530,23
40390627,26571,2324,6
86908422,34305,2617,60
40699987,40243,2848,39
50960914,6039,63,50
15786552,5571,97,50
86415114,25402,2019,42
55135966,32540,1904,43
21821899,3579,2219,10
45456722,24013,1829,54
11468066,25862,145,15
35858883,28529,2746,26
88911129,28030,1471,10
34598455,11614,2397,49
42390938,10217,1305,46
25050687,39143,3217,33
31566132,42779,3004,32
53061279,34584,567,49
60147553,24894,175,58
41131551,25343,983,30
95981295,20149,127,58
18698824,37089,2541,19
36044281,27779,1427,33
36251157,39488,2983,8
89968045,40226,1896,6
53074074,2029,3532,18
76649829,4859,3558,31
86282667,2467,2809,6
50943540,3432,1760,39
11275648,28724,3218,32
68086648,29898,3144,25
16377395,32908,2905,28
88775335,4341,875,29
40769970,35326,474,27
49095387,42,1380,24
61217690,39354,2705,30
96547753,19364,1469,41
92014143,32959,2351,19
37152603,37147,1759,1
94375036,1754,3125,10
33805661,20865,3566,10
10081935,37521,3334,59
24650950,23116,801,60
80259934,30384,1293,11
25038340,1361,3417,7
18854916,6752,247,5
79020948,26198,1542,19
80743217,866,1245,55
38018708,11658,2173,23
61562748,13116,3404,42
58095946,22407,3541,45
47939561,37646,3151,26
67206846,14288,3122,11
44671741,3065,1880,27
37588440,26150,1042,24
58410258,15230,2811,13
31812438,21454,1803,57
28181599,39565,1180,55
22650476,1571,1857,33
40004477,37369,3557,30
12809401,37689,494,44
68338379,5425,446,6
90850503,21584,2749,41
23478386,41724,2414,11
24223641,38365,3151,5
66012850,39781,1399,52
37851574,12250,7,24
40234788,22955,1450,22
61606856,16354,747,35
44790847,31578,693,40
38951708,3657,2655,39
83233839,19338,3280,32
29101339,26977,2725,4
42595416,20958,491,2
27310475,3464,601,14
30791471,27671,1060,11
45936627,11085,2351,6
72862448,6966,1564,54
55618548,38541,2570,22
77318613,42530,598,58
61950549,25767,2345,28
72807431,3571,2607,42
17575899,4956,184,48
25622476,3032,1358,45
81416086,32371,649,23
80515918,40101,2912,51
66634859,2224,2568,28
61321564,24602,2263,38
14769236,19677,3141,56
80331798,40043,2928,55
79378331,7153,986,5
81824020,39070,1024,36
52165492,30755,135,14
27905138,40988,208,52
33839488,43605,2893,7
48829934,34825,853,57
32916712,8237,363,6
28545387,35782,3048,24
56462812,11335,391,40
61844892,25867,575,47
20538666,4920,2627,32
21640030,13291,1103,13
16400347,8210,2168,23
32860823,35152,3036,46
72846033,9407,673,23
92502317,10872,62,48
16009438,36675,3591,18
92256686,11007,2683,45
32046259,39952,1626,26
64271943,6314,1724,9
82092320,39518,1505,55
60970696,21880,541,29
85886804,8594,3589,3
67757843,4695,271,21
63194248,42759,2750,17
52225535,409,3012,16
32856557,36066,3368,16
13268708,18576,1068,2
58540707,24261,2834,54
57830494,38702,1797,48
54315180,19601,927,39
43795804,23176,1217,39
42308883,14810,3195,52
40186270,42930,262,18
38325340,30270,808,20
17818738,29712,2417,15
28772284,19074,2087,50
39109148,40834,2483,6
94775125,26972,1274,26
34486121,8089,2029,23
56928910,8892,1293,56
78113064,29297,3514,23
49213584,13249,3322,32
29008679,26622,581,45
20209587,13038,1027,30
23920706,19230,1619,10
49747704,20246,363,28
24009584,28562,2615,52
63133906,38458,2284,10
92975993,25435,2125,56
45624751,34799,3092,23
78968379,28620,2333,5
56010428,25005,3578,11
16743782,7436,1008,33
55268338,9823,1218,40
73176262,27908,2033,45
40083852,4872,3325,40
19695382,38731,151,48
35469240,32621,2274,8
22006407,11717,2445,37
46263459,41380,2918,23
70710554,11324,3159,3
80990180,42965,2860,23
90145747,33237,539,8
33406483,16341,25,27
30277682,24641,634,60
10145849,6352,3517,26
33101867,14017,177,7
70681625,65,1702,15
82946695,9312,914,43
12833864,13750,3117,37
90608971,42619,333,15
32124516,44980,891,35
16767012,350,3422,40
30321758,31503,3473,24
95116045,22512,3566,20
20055121,4894,1846,32
85595375,39112,1116,32
52592035,6253,1467,3
95402047,40053,568,14
18234558,41609,1254,16
12081429,23185,1060,34
10511854,13160,779,38
87762956,18270,1124,1
36410782,3447,2159,29
86727626,19288,2224,29
34107229,29233,1277,55
86416636,26805,1550,35
63779061,8739,3403,3
62565703,7303,3053,56
60379772,42319,2470,28
37090591,2413,2014,28
59787791,36279,2653,36
16924721,40996,1311,37
38913346,6034,2070,46
64701970,8551,2640,25
89196624,38026,1668,3
52418871,29172,421,50
91960170,10214,3536,6
76831011,18316,1260,43
73723272,38661,1183,47
71519257,22150,1127,25
74229988,43551,3250,43
16568340,26941,817,36
81882786,23551,2823,47
37246453,11067,2072,16
51937894,8230,1492,30
69969741,15040,3584,13
81900112,9942,1880,43
11947248,25664,1922,57
75122481,1496,443,3
20943511,9603,380,17
85749645,41528,576,9
38919786,18408,1799,59
20636766,21082,1336,49
65134743,15532,1274,25
80022960,36074,3567,21
20823801,16270,1599,8
69855006,5608,1907,7
80697244,28047,2097,60
27809428,41314,2743,5
93004094,30102,674,55
83242442,10607,1685,28
39640624,38754,3440,59
41873979,14722,3379,49
82307793,8897,700,3
98792696,22159,265,11
83309277,12655,1066,14
33140247,4681,2057,30
78547096,41548,3299,54
29063203,41433,2983,39
20096991,8594,3231,15
58092613,23377,2244,34
33683812,39447,57,16
43053253,41462,1396,31
37767268,36937,258,28
98197179,10226,2329,12
33687968,20748,2866,7
96427496,36880,2414,16
82006523,16899,1168,36
81636765,38548,78,11
92174398,27949,102,14
58468300,757,3334,18
73653729,35777,1843,14
83681762,12890,676,43
54366785,23788,2615,27
45645784,8914,3584,28
88017369,6586,726,50
63584382,3367,2500,35
20704181,11615,3427,44
24269983,6396,1474,5
12156145,31729,3153,19
60670110,14827,2601,13
78625337,5670,3187,21
65145421,9292,1263,16
67159761,16980,2199,27
69550567,19295,852,44
68736921,22030,2833,22
79219472,6820,385,9
41695362,43434,1437,53
40038408,24528,3295,45
35803892,20734,501,30
90753334,37004,2559,3
62540222,7952,1984,58
57072761,22555,3072,26
48124763,13095,673,51
14734054,6654,520,6
26785695,2994,1387,4
11062228,3458,745,4
69322404,18295,2823,1
90271425,5225,560,21
69220107,34254,2373,22
19749153,29147,356,53
24959516,13931,903,31
24079039,21613,2002,44
20072857,10030,3142,42
10548563,9899,2740,43
66994207,33625,913,24
31861275,794,620,11
92995273,1123,3560,49
43921030,24478,3549,24
79688762,36437,1286,25
89404183,38067,1743,58
58661550,17734,2380,20
94479979,39575,329,7
41175860,19830,1468,34
16769361,30645,2318,33
12788362,41047,3541,32
81794665,19390,232,9
32076441,2119,1473,15
53074751,11410,3489,10
31084271,5318,1679,26
78115295,27284,1726,40
84476917,26507,3352,55
27319715,39096,695,37
67934874,29580,3473,54
33946807,4172,2843,10
50733745,5173,2410,1
88959742,39936,2683,51
26255535,6135,3054,16
20006182,9693,3539,50
46806435,7928,3005,53
35307689,26730,2458,58
42317547,7191,3455,5
79924803,34071,3579,32
86900335,37782,664,37
26725861,41127,2250,20
86404764,32232,2944,57
74001727,32817,2278,5
47296740,41184,1768,34
12358916,3130,2400,25
35177915,28393,1143,14
59879267,30548,2911,24
47007921,3531,3007,24
58411351,6070,2603,52
29360238,5714,993,52
14246608,25147,283,45
87758251,10808,1413,55
24997362,32545,416,37
28196161,21783,1061,30
25868202,34982,3485,37
46040967,6758,3391,2
77089655,6036,791,23
94434790,33176,2998,48
80443445,20863,1375,16
84814511,824,1531,43
38033803,2222,1072,6
77290606,21228,1655,57
62337358,36950,2583,54
56898728,17554,23,10
52696357,44715,3085,25
46294510,18486,1898,52
38303111,25548,1503,30
83946148,32683,1356,6
49887331,37248,312,41
23202125,21,3271,18
75875724,5843,2589,14
38611025,35206,2372,20
23468874,27357,2493,51
56551463,14076,870,29
29819304,318,2898,22
72128735,14023,2392,21
14217130,13795,1744,50
17948772,40116,2873,6
33254438,29112,150,14
97525541,25067,2255,31
19400612,38965,1785,18
25230051,44385,2395,24
13278790,35626,2743,49
96823059,17182,1519,17
17302392,27394,623,45
22838831,37561,2374,38
94677963,29609,1839,60
60909139,42274,467,53
60346537,2052,2327,46
76430587,3985,3456,39
49629010,44121,3467,60
17229298,16390,549,23
41849605,37499,1516,26
87028015,40179,343,7
76296702,34665,2090,25
35144093,41488,3417,39
78049276,26187,2022,7
94428707,28017,3178,38
59262271,13478,2250,9
30692909,36196,166,50
44034004,37943,1829,33
13931431,33603,2488,51
22920215,12352,1866,37
96778803,22615,1512,28
50961826,12623,1439,46
14299778,25654,2926,55
55101402,19007,3410,8
81005083,30158,318,36
98550480,17126,836,22
38252987,35565,31,10
42408363,31387,615,1
34755866,33402,1446,28
82389855,17064,474,24
39175865,13064,3539,3
55295518,33970,2966,47
85081619,22597,1854,31
72414177,37242,3110,25
42978292,7360,1539,38
43015432,35230,2646,35
71658127,13202,3465,51
53406194,18217,3538,23
26277724,24313,3307,51
59462349,10254,449,9
90203900,34852,757,41
56004037,39609,1782,14
86297199,14422,1974,40
57344709,8569,1284,33
99530667,450,2329,34
59481147,34681,2262,5
58877435,10588,1585,39
50992314,25809,2084,20
40202417,35986,3,10
34840964,41023,2021,34
81740364,17417,907,6
24179165,5529,2951,59
56762609,16955,1674,18
27109959,28168,418,11
18750199,24562,2067,24
27095702,16915,3542,59
89614850,8136,302,59
39058543,38733,2274,13
21875045,21215,622,3
16734917,5445,3496,4
20109183,19979,145,14
51340603,6780,1896,60
50751955,22399,2128,46
45614077,6361,1911,26
46821321,17193,2822,34
81685208,5772,2877,7
48272200,11644,921,28
10477206,2370,2918,23
17830174,33432,1081,35
38602214,6274,336,36
30000808,12511,606,1
19971189,12618,726,39
67090277,28505,1662,57
31807041,8171,740,28
65274329,39493,1972,36
78074287,4910,1956,14
81303870,17787,2187,44
42223110,21014,3150,16
61585352,14756,2207,3
40770754,7184,3305,10
30276650,7863,600,46
58985741,2027,2659,15
13631639,41221,2170,55
58473941,25073,3477,13
12159642,29793,1484,52
55681126,6332,2404,54
87929307,13309,2180,31
55079619,29795,2128,57
19177303,39931,447,38
50159590,44451,1753,9
99580181,11539,1854,43
71913341,31708,2955,23
51141664,39475,2939,32
91251806,8986,117,28
74244255,12996,3480,53
18079900,26331,2744,22
26520304,31736,187,39
19568300,1316,2920,52
30081863,36803,1996,43
53530483,3735,1922,18
17715904,4043,3032,44
82698950,43307,2999,26
73604420,30435,2457,53
22850007,24352,1228,20
50824411,8432,3,31
77960546,44233,2207,55
13993397,15599,2887,13
78967632,38498,554,36
89718804,2746,3205,31
68569096,7827,1909,34
29016937,13103,1229,22
79991442,30388,2182,52
19538060,14330,2664,16
19567658,36718,329,8
29729821,19750,3348,55
46041047,32328,2571,49
96822240,29000,1430,13
43615252,10507,1550,23
43869858,15471,2304,36
60807344,28431,2658,3
99490341,3342,45,52
42396820,4767,100,29
48889504,26881,1760,15
49887822,23310,2516,56
75321793,102,3526,56
87896875,12639,2547,25
11816159,24205,2854,4
95454836,37826,2921,33
12433921,39651,2285,38
83385602,10990,1442,32
74286535,4292,65,48
27207999,21652,1248,1
78899276,1962,3501,18
34060472,38116,2299,18
48452292,37464,536,13
98725030,34228,10,8
49895891,13528,1939,59
13096958,25222,1660,37
30901208,29053,2248,23
42187376,39485,2987,52
94368262,38961,722,20
71536537,34750,1449,54
16712014,22731,2473,44
26313868,32028,277,39
69991750,38188,1634,18
59551555,25447,965,19
49189710,29067,228,14
11166161,38515,1086,17
54594706,9930,3300,30
67238129,8327,3595,5
37391332,29310,3325,54
26574984,15478,3099,7
59778921,40391,1961,34
98216177,41380,2365,43
28753220,42153,1891,18
16428753,31038,1989,36
68619230,10740,1748,13
69061019,41428,1822,4
20802645,35299,1534,40
56359868,6506,3484,22
91348371,8268,1609,15
24337985,27137,2301,28
89046625,10842,836,32
87373763,7952,1425,53
77508627,2445,1543,60
56936230,35496,1831,24
25854795,31420,1257,50
84550410,23597,990,9
41145412,43204,1446,3
17109685,8135,1146,2
57237384,35482,536,51
29523464,9895,3122,18
87670321,8304,420,40
36816073,15967,391,6
35682674,28395,2929,38
81353940,23970,1537,25
23126002,37477,3596,15
99999256,5346,793,7
78375914,8260,2062,15
37299180,10755,2932,58
91461661,33829,2345,57
87096313,11817,2036,3
42457676,44999,669,7
48018797,30747,614,54
38918217,43392,2442,44
55471135,36942,1724,5
28151911,21584,2269,48
26352417,32034,2531,52
70115419,14719,2154,6
26474591,29009,3463,29
68352555,6228,2012,55
90226788,23037,1223,12
84319505,21326,1926,52
33563013,9789,3534,4
68288302,21903,2009,12
47008898,7714,818,34
55339823,23776,3137,29
96649859,20581,356,21
46707882,7464,3460,22
77331205,13761,1431,55
94584437,34602,2709,8
36547582,6252,3043,48
81560242,38360,8,57
94964419,7344,2797,10
25543684,21622,533,6
59814975,14900,2159,40
24357555,37708,3110,2
63912381,33780,217,16
40489598,9105,224,27
55727514,7527,3287,57
44079371,15483,3326,20
93670465,9049,2251,47
71378693,20596,159,14
66831529,5532,1439,58
15935536,15526,1009,16
59052066,44506,1958,47
67552809,15256,1288,11
42686948,2864,3249,36
86398757,42122,2007,29
14824341,86,1067,26
15155427,25090,1961,42
61384554,29574,153,46
57502078,8179,3058,47
51197778,2430,163,51
34548516,28040,1103,42
81324676,18090,1332,35
68669112,32585,468,48
38628571,42616,1948,59
32124065,5486,768,50
40589578,1265,172,55
33474163,42472,521,10
60990046,1415,1442,38
14522875,25093,972,33
40640441,6548,275,19
43606719,39766,1738,41
25710126,9299,2723,14
34179528,21027,2843,14
14225000,38716,3389,16
19084519,11262,1882,16
55547072,38771,281,5
90460090,34567,2411,1
62089136,2503,3467,34
61929228,31876,1139,14
73142773,25374,3012,50
78230787,42660,2535,57
86632391,14446,623,60
65075267,30607,831,34
34888533,2091,2728,13
65718434,9574,1180,59
41571184,761,953,1
33998819,41553,2527,29
31196047,3169,1946,5
23897010,10075,827,13
67960527,35439,594,45
55383593,36133,3177,28
14130659,1759,1511,1
63214687,14186,2642,54
66912009,31377,3563,54
26687726,6911,1628,37
15815841,13365,2683,17
32757743,29286,1973,51
91492417,24390,2961,27
19782614,17317,3550,12
62426058,29346,898,43
15008935,3175,77,59
24401110,39454,405,32
62242662,32181,1510,7
28065412,32158,1924,46
82054475,186,26,10
71808745,41657,1440,41
21123977,4862,2323,7
58587384,39847,3003,20
80035906,37443,1208,45
26309879,32453,653,33
72319341,41941,1688,39
10291746,42200,14,53
82889650,30936,2623,55
99279198,19013,1190,26
28690313,33786,1561,37
16121432,41243,389,2
58354740,2151,1662,35
75180643,43924,1514,8
83786653,8784,1104,27
79451416,19619,557,49
66197710,39426,2432,45
92074958,32094,206,29
38764188,11483,1064,9
42811993,9323,1853,47
24977675,37859,729,36
83592068,28033,459,59
62099974,41158,3141,29
47688781,31602,250,18
48567362,9573,140,43
62679878,12596,2925,5
78691801,39229,2250,23
86849050,19176,2339,27
34405054,16838,2274,18
78982819,17780,3065,45
74416004,8661,3568,15
34726093,37908,574,35
37944538,3152,365,53
20044024,19422,1594,9
26239837,8397,3440,28
27786516,42560,1110,31
49105490,16139,2742,35
45434528,17899,862,24
36989596,40337,1509,33
73657420,22494,1107,24
53483849,40542,1090,51
79892360,36347,2063,20
47714772,30823,1959,45
22180991,21458,55,35
95432386,19490,296,38
41209935,21369,2818,59
44300912,27469,3511,60
72097957,33696,1545,43
76304539,11713,3316,41
99623949,25339,826,14
89933630,2579,2293,4
84934879,3621,2251,47
24063331,13031,3595,47
89631261,24664,2259,47
17645885,33825,857,54
57915488,19163,3404,18
35930381,6965,2871,39
94210639,14376,2934,26
68893919,24019,152,32
35746388,6375,2932,4
62630270,2003,2159,54
28742570,31589,2800,58
14396125,24831,1394,55
79960361,29659,2174,17
40796678,3329,3391,1
73294804,15413,3155,29
40587868,33450,106,5
42808903,17688,3173,57
28835872,12162,1590,26
51257377,37001,3032,41
70572839,13727,925,30
28159044,17141,2778,51
58648281,38278,1733,7
55533805,20658,3509,33
97868354,456,1815,49
89581193,39309,2214,40
32209043,41744,2854,59
89720355,17136,3497,47
56888410,35042,3428,51
46532127,10943,1535,44
62069780,1123,2634,13
82765396,25080,1326,15
65128115,41965,808,30
58350815,23321,505,59
79300216,21853,2813,53
80814130,23495,2494,29
66685753,29618,1087,25
56635466,21842,3160,3
56088506,31466,3538,17
50064915,20797,1991,6
64554210,4571,1259,33
54957780,7604,3569,55
26396012,18109,1910,20
18857511,16690,2650,57
90562254,5107,2257,40
16103774,23581,2249,31
50009962,2802,1753,37
39235989,18673,392,44
20441676,43431,1694,15
19181555,16219,2444,13
88645336,21394,1695,55
96164235,2031,2039,5
17160488,3538,3598,54
51188525,7531,217,51
97763989,34482,2115,40
72159929,25,708,38
95056048,6166,1525,27
38247686,24511,202,32
74078253,1899,3234,37
80574904,4943,3424,5
24774282,7450,3258,10
70902546,4261,1935,12
92338423,39142,3557,16
87643917,3244,1600,37
80543171,17240,943,17
35308647,13730,1471,33
33678860,33425,1860,50
42219898,17160,1704,16
93784446,18870,1375,24
90219374,17070,2107,26
86225995,2448,1215,44
78732741,16040,11,44
47228296,19661,1480,25
16084921,3544,493,7
86251413,34287,1872,8
17042985,4145,2412,34
20088743,7361,2235,36
65914197,9573,3202,17
93620821,33183,2342,2
37579432,22072,3088,38
52233017,18955,1652,48
63905971,3662,2242,9
55574779,44851,2593,15
60674454,14612,787,51
57990937,9596,613,2
32420122,42919,2638,60
32461960,10859,2200,19
59315494,9893,1209,42
88362831,13582,2,50
55635901,14737,3520,15
49304628,34697,1544,29
20967204,26343,1253,45
48963493,29500,2248,10
12115253,13984,2167,26
17585664,123,65,9
88114747,18820,3433,35
68377191,5532,1470,16
32225249,18301,1654,2
16613585,42245,2642,8
59391340,39750,125,38
73944447,32021,1012,48
46970006,29864,106,45
44966331,37617,1370,18
10245946,26855,2963,16
79007106,3544,2043,11
91765240,3279,2763,38
93819496,26133,1792,16
49047779,34321,206,50
36464805,43710,249,23
89505129,14579,2180,22
78226997,40800,3446,16
58007641,12633,2834,45
99747350,18796,445,5
93593106,29590,851,49
86513977,5652,2609,34
50320970,26750,3552,49
41661502,6675,3572,25
99378616,35448,401,34
96205329,28998,331,50
33092113,8586,104,14
77556634,37929,2662,23
45279594,8531,1057,19
82656532,8175,2149,55
99474785,17619,1180,4
50065225,17981,3048,19
35699124,27765,248,12
75275404,10059,2285,15
46157449,7476,864,14
94234140,31817,2446,29
52125356,42874,1201,39
51215077,24706,2156,7
32936282,3318,2548,17
62122125,5705,2107,16
28994673,15171,3418,13
88178472,27282,1855,33
98292729,4047,1405,45
39127604,7358,1973,4
21900153,37813,2038,46
25748474,31700,2880,22
23339619,22832,3233,53
89336507,22292,2519,27
35096953,30533,350,27
29005615,24989,392,60
79822257,22696,2611,8
71320173,30899,1202,54
27071743,44096,2295,12
49754699,4320,2527,33
42929266,30405,175,10
14946925,10318,836,43
66297967,29295,2511,45
56098036,32113,628,20
54488150,42513,2486,30
94802628,41076,256,37
72708357,15674,1609,10
27397581,25617,3541,42
90884961,7915,1632,35
97065617,42014,1554,59
94667128,42378,479,3
37561189,21008,861,19
89803647,39988,1840,4
15384273,15055,2903,8
93659907,43194,1793,11
55691395,29211,2330,20
19660423,6999,1453,55
81897938,13365,3274,23
75801936,20200,614,42
69779891,4136,602,60
62445142,27687,3163,27
36552995,4570,3308,5
83720059,9443,693,4
53446957,2744,3348,4
91813735,1680,2729,44
15063870,22570,1894,11
17025792,27483,3414,19
51552911,39710,1983,34
54736898,18757,2123,41
84840969,38856,2424,52
42121586,23804,2452,26
33834677,33945,2066,51
20977999,39946,2398,34
49805712,22133,2438,34
27141722,13571,1778,21
96377787,39368,498,7
76597863,29612,688,21
95564123,7460,20,59
18909250,6540,1258,15
43225332,9328,543,39
27952985,34299,2121,58
38164307,37905,2416,46
25586895,23657,800,39
45912358,38974,2882,10
89827757,979,2747,23
73995087,3822,15,34
49703364,15680,1341,44
12290380,14753,2250,49
66180284,664,1555,15
16833265,15513,755,29
93520647,16465,1847,14
12768762,19725,1145,39
71462975,18470,2002,5
93846667,38840,2955,28
83529337,39178,1536,4
71968289,16026,731,31
73046448,38262,158,32
13120554,20761,2954,5
21517989,40158,926,24
93776144,43588,1815,31
34465301,8525,163,16
87111939,43757,3501,20
44564283,15499,2454,52
19352502,44951,3576,44
30902529,13657,845,57
33737541,42322,1502,52
57364374,34546,2001,32
47822009,10541,1688,40
69926893,2744,869,10
54279469,138,1375,31
68736004,34384,429,54
36072030,2832,1040,39
68458122,7555,1501,48
16006730,6378,738,51
55114742,41287,737,43
22687765,27942,1071,1
13121151,29317,2579,32
55317624,34914,2404,35
29774728,26824,2966,50
51801796,5123,3030,26
16889596,40920,1108,24
95821970,23742,1238,55
88634338,1575,2832,53
64617215,8649,324,22
90531500,7063,885,26
22024724,39908,3139,24
26499078,36333,1777,13
61125224,38366,3385,22
37350569,40639,944,59
86772491,31593,1143,6
35964753,18083,1484,24
14432473,5056,497,35
83656037,177,3004,12
69210327,2832,819,24
97386101,13292,332,41
86565161,21521,1528,17
28532007,37582,1493,7
